,thetas,bounds
0,8.420848313299336,-8.727
1,-19.183127950138584,10.032
