,house,theta0,theta1,min,max
0,Ravenclaw,-13.258694858384347,19.704214610197578,-261.04892,-225.42814
1,Slytherin,8.4204450607342,-19.18236238763391,-8.727,10.032
2,Gryffindor,-15.29948107160132,24.623181750117393,-181.47,279.07
3,RavSlyth,9.655032741782328,-20.141167904103277,-966.7405456412164,1016.211940387396
4,GryffSlyth,9.460131939124217,-20.018478356280756,-10.295662748653244,11.612895082210851
